Player,TTL,AVG
DeAndre Hopkins,174,11.6
Antonio Brown,162,11.6
Larry Fitzgerald,161,10.1
Jarvis Landry,161,10.1
Keenan Allen,159,9.9
Michael Thomas,149,9.3
Julio Jones,148,9.3
Adam Thielen,143,8.9
A.J. Green,143,8.9
Demaryius Thomas,140,8.8
Mike Evans,136,9.1
Dez Bryant,132,8.3
Travis Kelce,122,8.1
Alshon Jeffery,120,7.5
Golden Tate,120,7.5
Davante Adams,118,8.4
Doug Baldwin,116,7.3
Evan Engram,115,7.7
Robby Anderson,114,7.1
Brandin Cooks,114,7.1
Christian McCaffrey,113,7.1
Devin Funchess,112,7
Delanie Walker,111,6.9
Zach Ertz,110,7.9
T.Y. Hilton,109,6.8
Jack Doyle,108,7.2
Marvin Jones,107,6.7
Le'Veon Bell,106,7.1
Rob Gronkowski,105,7.5
Tyreek Hill,105,7
Marquise Goodwin,105,6.6
Kenny Stills,105,6.6
Jamison Crowder,103,6.9
Jermaine Kearse,102,6.4
Alvin Kamara,101,6.3
Michael Crabtree,101,7.2
Mohamed Sanu,96,6.4
Marqise Lee,96,6.9
Amari Cooper,96,6.9
Devante Parker,96,7.4
Nelson Agholor,95,5.9
Stefon Diggs,95,6.8
Jimmy Graham,95,5.9
Cooper Kupp,94,5.9
Duke Johnson,93,5.8
Emmanuel Sanders,92,7.7
Randall Cobb,92,6.1
Mike Wallace,92,6.1
Kendall Wright,91,5.7
DeSean Jackson,90,6.4
Brandon LaFell,89,5.6
Jordy Nelson,88,5.9
Carlos Hyde,88,5.5
Jason Witten,87,5.4
Rishard Matthews,87,6.2
Todd Gurley,87,5.8
Eric Ebron,86,5.4
Danny Amendola,86,5.7
Jared Cook,86,5.4
Robert Woods,85,6.5
Martavis Bryant,84,5.6
Sterling Shepard,84,7.6
Melvin Gordon,83,5.2
Keelan Cole,83,5.2
Eric Decker,83,5.2
Adam Humphries,83,5.2
Kyle Rudolph,81,5.1
Paul Richardson,80,5
JuJu Smith-Schuster,79,5.6
Benjamin Watson,79,4.9
Terrance Williams,78,4.9
Kelvin Benjamin,78,5.6
Josh Doctson,78,4.9
LeSean McCoy,77,4.8
Cameron Brate,77,4.8
Charles Clay,74,5.7
Zay Jones,74,4.9
Austin Seferian-Jenkins,74,5.7
Roger Lewis,72,4.5
James White,72,5.1
Jeremy Maclin,72,6
Tarik Cohen,71,4.4
Theo Riddick,71,4.4
Mark Ingram,71,4.4
Tyler Lockett,71,4.4
Ted Ginn,70,4.7
Sammy Watkins,70,4.4
Tyrell Williams,69,4.3
Jaron Brown,69,4.3
Deonte Thompson,68,4.3
Vernon Davis,68,4.3
Torrey Smith,68,4.3
Jerick McKinnon,68,4.3
Pierre Garcon,67,8.4
Travis Benjamin,65,4.1
Austin Hooper,65,4.1
Ryan Grant,65,4.1
Corey Davis,65,5.9
Seth Roberts,65,4.1
Jesse James,64,4
Cole Beasley,63,4.2
Kareem Hunt,63,3.9
George Kittle,63,4.2
Albert Wilson,62,4.8
Tyler Kroft,62,3.9
Hunter Henry,62,4.4
Julius Thomas,62,4.4
Ricardo Louis,61,3.8
J.J. Nelson,61,3.8
David Njoku,60,3.8
Giovani Bernard,60,3.8
Javorius Allen,60,3.8
Trent Taylor,60,4
Andre Ellington,59,4.2
Chris Hogan,59,6.6
Seth DeValve,58,3.6
Corey Coleman,57,5.7
Bennie Fowler,56,3.5
Bruce Ellington,56,5.1
Allen Hurns,56,5.6
John Brown,55,5.5
Chris Godwin,55,3.4
Chris Thompson,54,5.4
Stephen Anderson,53,3.5
Shane Vereen,53,3.3
Antonio Gates,52,3.3
Taylor Gabriel,51,3.2
Dede Westbrook,51,6.4
Rashard Higgins,50,3.1
Will Fuller,50,5
TJ Jones,49,3.5
Leonard Fournette,48,3.7
Marcedes Lewis,48,3
Kenny Golladay,48,4.4
Aldrick Robinson,48,3
Ed Dickson,48,3
Kenyan Drake,48,3
Wayne Gallman,48,3.7
Devonta Freeman,47,3.4
DeMarco Murray,47,3.1
Donte Moncrief,47,3.9
Charles Sims,47,2.9
Josh Bellamy,46,3.1
Matt Forte,46,3.8
Jermaine Gresham,46,3.3
J.D. McKissic,46,3.5
Lamar Miller,45,2.8
DeAndre Washington,45,3
Tyler Higbee,45,2.8
Kamar Aiken,44,2.9
Martellus Bennett,44,4.4
Dontrelle Inman,44,3.1
Kenny Britt,43,3.1
Josh Gordon,43,7.2
Isaiah Crowell,42,2.6
Cordarrelle Patterson,42,2.6
Kyle Juszczyk,42,3
Odell Beckham Jr.,41,8.2
T.J. Yeldon,41,4.1
C.J. Anderson,40,2.5
A.J. Derby,40,2.9
Tevin Coleman,39,2.6
Danny Woodhead,39,4.3
O.J. Howard,39,2.8
Geronimo Allison,39,2.6
Demarcus Robinson,39,2.4
Ezekiel Elliott,38,3.8
Frank Gore,38,2.4
Greg Olsen,38,4.8
Chris Moore,38,2.9
Devontae Booker,38,2.9
Terrelle Pryor,37,4.1
Brandon Coleman,37,2.3
Nick Boyle,37,2.5
Tavarres King,37,3.1
Chester Rogers,37,3.4
Eli Rogers,36,2.6
Jordan Matthews,36,3.6
Rex Burkhead,36,3.6
Jalen Richard,36,2.3
Matt Breida,36,2.3
Alex Collins,36,2.3
Austin Ekeler,35,2.2
Zach Miller,35,4.4
Jordan Reed,35,5.8
Ameer Abdullah,35,2.5
Dion Lewis,35,2.2
Demetrius Harris,35,2.2
Laquon Treadwell,35,2.2
Lance Kendricks,35,2.2
Breshad Perriman,35,3.2
Charcandrick West,34,2.6
Jamaal Williams,34,2.1
Joe Mixon,34,2.4
Jay Ajayi,34,2.3
Kendrick Bourne,34,3.1
Bilal Powell,33,2.2
Brandon Marshall,33,5.5
Marlon Mack,33,2.4
Russell Shepard,33,2.2
Garrett Celek,33,2.1
Jordan Howard,32,2
Nick O'Leary,32,2.1
Rhett Ellison,32,2
Gerald Everett,32,2
Tyler Boyd,32,3.2
Cody Latimer,31,2.8
Trey Burton,31,2.1
Marshawn Lynch,31,2.1
Ty Montgomery,31,3.9
Coby Fleener,30,2.7
Jonnu Smith,30,1.9
Dion Sims,29,2.1
Braxton Miller,29,2.6
Justin Hardy,29,1.8
Jamaal Charles,28,2
Chris Ivory,28,1.9
Orleans Darkwa,28,1.9
Taywan Taylor,28,1.8
Damien Williams,28,2.5
Ricky Seals-Jones,28,2.3
D.J. Foster,28,3.5
Michael Campanaro,27,2.1
Jeremy Kerley,27,2.5
Benny Cunningham,26,1.9
Ryan Griffin,26,3.7
Elijah McGuire,26,1.6
Curtis Samuel,26,2.9
Darren Fells,26,1.6
Jarius Wright,25,1.6
Vance McDonald,24,2.4
Brent Celek,24,1.5
James O'Shaughnessy,24,1.5
Josh Reynolds,24,1.5
Samaje Perine,24,1.5
Andre Holmes,23,1.6
C.J. Fiedorowicz,23,4.6
Brice Butler,23,1.8
Troy Niklas,23,1.5
Tavon Austin,23,1.4
Rod Smith,23,1.5
Mike Williams,23,2.3
Virgil Green,22,1.4
Mack Hollins,22,1.4
Dwayne Allen,22,1.4
Luke Willson,22,1.4
Josh Hill,22,1.4
Jakeem Grant,22,1.4
Travis Rudolph,21,1.8
Kaelin Clay,20,1.4
Niles Paul,20,1.4
Jordan Taylor,20,2
Daniel Brown,20,1.4
Adrian Peterson,19,1.7
Pharoh Cooper,19,1.2
Peyton Barber,19,1.2
Richard Rodgers,19,1.3
Travaris Cadet,19,1.4
Jeff Heuerman,18,1.3
Kasen Williams,18,1.4
Wendell Smallwood,18,2.3
Phillip Dorsett,18,1.1
Maxx Williams,18,1.6
Johnny Holton,18,1.1
Aaron Jones,18,1.5
Bryce Treggs,18,1.4
Doug Martin,18,1.6
Mike Davis,18,1.2
Mike Tolbert,17,1.4
Ross Travis,17,1.1
Latavius Murray,17,1.1
Derrick Henry,17,1.1
Damiere Byrd,17,1.9
Brandon Williams,17,1.2
Markus Wheaton,17,1.5
Michael Floyd,17,1.5
Josh Malone,17,1.5
Louis Murphy,17,1.1
Kapri Bibbs,17,1.1
Chad Hansen,16,1.1
De'Anthony Thomas,16,1
Chris Conley,16,2.7
Dalvin Cook,16,3.2
Alex Erickson,16,1
Anthony Fasano,16,1
Willie Snead,16,1.5
Corey Clement,15,0.9
Kerwynn Williams,15,0.9
Tommylee Lewis,15,1
Nick Vannett,15,1
Jonathan Stewart,15,1
C.J. Uzomah,15,1.1
Tre McBride,15,1.4
Levine Toilolo,14,0.9
Brandon Tate,14,1.1
Adam Shaheen,14,1.1
Leonte Carroo,14,1
Brenton Bersin,14,0.9
Michael Clark,14,1.1
Isaiah McKenzie,13,1.1
ArDarius Stewart,13,0.9
Amara Darboh,13,0.8
Clive Walford,13,1
Darrell Daniels,13,1.1
Thomas Rawls,13,1.1
Austin Traylor,13,0.8
Darren Sproles,12,3
David Morgan,12,0.8
Branden Oliver,11,1.1
Eric Tomlinson,11,0.8
Tyler Ervin,11,2.8
Tommy Bohanon,11,0.7
Malcolm Brown,11,1
Derek Carrier,11,0.8
Robert Turbin,11,1.8
C.J. Prosise,11,2.2
Sammie Coates,11,0.9
Lee Smith,11,0.7
Neal Sterling,11,0.7
Jacob Hollister,11,0.7
Jacquizz Rodgers,11,0.7
Jerell Adams,11,0.7
Jaydon Mickens,11,0.7
Patrick DiMarco,10,0.6
Paul Perkins,10,0.8
Tanner McEvoy,10,0.7
Michael Hoomanawanui,10,0.7
James Develin,10,0.6
Aaron Ripkowski,10,0.6
Justin Hunter,10,1
Alfred Morris,9,0.6
David Johnson,9,4.5
Brittan Golden,9,0.7
Xavier Grimble,9,0.6
Noah Brown,9,0.7
Alfred Blue,9,0.8
James Hanna,9,0.6
Logan Thomas,9,0.8
Marvin Hall,9,0.7
Hunter Sharp,9,0.6
Brian Quick,8,0.7
LeGarrette Blount,8,0.5
D'Onta Foreman,8,0.8
CJ Ham,8,0.5
Chris Carson,8,1.6
Anthony Sherman,8,0.5
Marcus Johnson,8,0.8
Kenjon Barner,8,0.5
Byron Marshall,8,0.6
Derrick Coleman,7,0.4
Robert Kelley,7,1
Ryan Switzer,7,0.4
Trevor Davis,7,0.4
Ben Koyack,7,0.4
Chad Williams,7,1.2
Akeem Hunt,7,0.4
Michael Roberts,7,0.5
Jamize Olawale,7,0.6
Jared Abbrederis,7,0.5
Bobby Rainey,7,0.4
Mike Thomas,7,0.8
DeAndrew White,7,0.5
Will Tye,6,0.4
Elijhaa Penny,6,0.4
Eddie Lacy,6,0.5
Fozzy Whittaker,6,0.5
Chris Matthews,6,0.4
Alan Cross,6,0.4
Tanner Gentry,6,0.4
Phillip Supernaw,6,0.4
Chris Johnson,6,0.4
Andy Janovich,6,0.4
Chris Thompson,6,0.4
Griff Whalen,6,0.4
Maurice Harris,6,0.4
Freddie Martino,6,0.4
Cobi Hamilton,6,0.5
Matthew Dayes,5,0.3
Tyler Eifert,5,1.7
Jeff Janis,5,0.3
Keith Smith,5,0.3
Dan Vitale,5,0.3
Luke Stocker,5,0.4
Zach Line,5,0.3
JoJo Natson,5,0.3
Michael Burton,4,0.3
Kevin White,4,2
Andre Roberts,4,0.3
Quan Bray,4,0.4
Jeremy Hill,4,0.6
Cody Core,4,0.3
Terrance West,4,0.7
Jaelen Strong,4,0.6
Randall Telfer,4,0.3
Blake Bell,4,0.3
Corey Grant,4,0.3
Sean McGrath,4,0.3
Brandon Bolden,4,0.3
Nick Williams,4,2
Jay Prosch,4,0.3
Jehu Chesson,4,0.3
Josh Ferguson,4,0.3
Chris Manhertz,4,0.3
Darius Powe,4,0.3
Darrius Heyward-Bey,3,0.2
Derek Watt,3,0.2
MarQueis Gray,3,0.2
Roosevelt Nix,3,0.2
Cole Hikutini,3,0.4
Jeremy Sprinkle,3,0.3
Terron Ward,3,0.2
Lance Dunbar,3,0.6
Jeff Cumberland,3,0.2
Devante Mays,3,0.3
Harry Douglas,3,1
Fitzgerald Toussaint,3,0.2
Shelton Gibson,3,0.5
Marquis Bundy,3,0.2
De'Veon Smith,3,0.2
Taiwan Jones,2,0.3
Arrelious Benn,2,0.2
Dwayne Washington,2,0.4
Ifeanyi Momah,2,0.2
Eric Weems,2,0.1
John Ross,2,0.5
Ryan Hewitt,2,0.1
Bernard Reedy,2,0.1
Tre Madden,2,0.3
De'Angelo Henderson,2,0.3
Logan Paulsen,2,0.1
C.J. Spiller,2,0.1
Geoff Swaim,2,0.1
Tion Green,2,0.4
Antony Auclair,2,0.3
Brian Hill,2,0.2
Orson Charles,2,0.1
Emanuel Byrd,2,0.1
Marcus Murphy,2,0.1
James Conner,1,0.1
Kalif Raymond,1,0.1
Allen Robinson,1,0.5
Mike Gillislee,1,0.1
Matt Hazel,1,0.1
Vince Mayle,1,0.1
Charone Peake,1,0.3
Jalston Fowler,1,0.1
David Fluellen,1,0.1
Mack Brown,1,0.2
Jordan Leslie,1,0.1
Zach Zenner,1,0.1
Senorise Perry,1,0.1
Max McCaffrey,1,0.1
Cethan Carter,1,0.1
Matt LaCosse,1,0.1
Ed Eagan,1,0.1
Stacy Coley,1,0.2
Cameron Artis-Payne,1,0.1
Joe Kerridge,1,0.1
Larry Pinkard,1,0.1
Isaac Whitney,1,0.1
Bobo Wilson,1,0.1
Garrett Griffin,1,0.1
Gabe Holmes,1,0.1
Ryan Malleck,1,0.1
K.J. Brent,1,0.1
Marquez Williams,1,0.1
Eric Saubert,0,0
Dwayne Harris,0,0
John Kuhn,0,0
Trey Edmunds,0,0
Justin Davis,0,0
Raheem Mostert,0,0
Terrell Watson,0,0
Beau Brinkley,0,0
Victor Bolden Jr.,0,0
Kyle Nelson,0,0
Matt Jones,0,0
Jordan Todman,0,0
Justin Hardee,0,0
Alex Armah,0,0
Krishawn Hogan,0,0
Henry Krieger Coble,0,0
Matt Slater,0,0
Jace Billingsley,0,0
Ben Braunecker,0,0
Brandon Banks,0,0
Daniel Lasco,0,0
Darren McFadden,0,0
Andre Williams,0,0
Shane Smith,0,0
Brandon Wilson,0,0
Jason Vander Laan,0,0
LeShun Daniels,0,0
Jeremy McNichols,0,0
Bronson Hill,0,0
John Phillips,0,0
Andy Jones,0,0
Stevan Ridley,0,0